strategy_name,model_type,reaction_feature_dim,r2_mean,r2_std,mae_mean,mae_std,rmse_mean,rmse_std
aryl_scope_morgan_electrophile_nucleophile_ligand,SVR,6144,0.6426041210019824,0.021596660251317103,12.769625177835746,0.38062694746109205,17.51635572081646,0.45560730194577215
aryl_scope_morgan_electrophile_nucleophile_ligand,Ridge,6144,0.5613199423466695,0.03752691224895209,15.470768215873026,0.3900245444762249,19.392250798882998,0.5445790734360929
aryl_scope_morgan_electrophile_nucleophile_ligand,KernelRidge,6144,0.5494912651526753,0.02997536899779133,15.720478511398715,0.3880014613042598,19.662029264280328,0.4612904283257474
aryl_scope_morgan_electrophile_nucleophile_ligand,ExtraTrees,6144,0.5492253881878053,0.058606500930424375,11.397952655844161,0.9493233420937518,19.630543794007966,1.1397287531510556
aryl_scope_morgan_electrophile_nucleophile_ligand_pd_catalyst,SVR,8192,0.5758509812698929,0.02087856659451047,14.346426158760213,0.41968589392394096,19.08826563461811,0.5220422350398388
aryl_scope_morgan_electrophile_nucleophile_ligand_pd_catalyst,ExtraTrees,8192,0.5715205374380047,0.05648465369944617,11.127596922077922,0.883707182173197,19.145070701413925,1.1824827863504035
aryl_scope_morgan_electrophile_nucleophile_ligand_pd_catalyst,Ridge,8192,0.5613139566661247,0.03755924547920834,15.47153942937975,0.38947364354485814,19.392340182865812,0.5447689504532833
aryl_scope_morgan_electrophile_nucleophile_ligand_pd_catalyst,KernelRidge,8192,0.5433009063934499,0.028781567502109164,15.907087699434243,0.39711120526014554,19.79860402342184,0.4570295438700347
