strategy_name,model_type,reaction_feature_dim,r2_mean,r2_std,mae_mean,mae_std,rmse_mean,rmse_std
thiol_addition_morgan_imine_thiol_catalyst,SVR,6144,0.8714912189898992,0.008787876140810846,0.17889814442265645,0.005145256461313038,0.25205249651255784,0.009992524422253264
thiol_addition_morgan_imine_thiol_catalyst,Ridge,6144,0.8655242513408435,0.009391001212591106,0.18496735532984684,0.004579772360786694,0.25773483562781146,0.007191108149998426
thiol_addition_morgan_imine_thiol_catalyst,ExtraTrees,6144,0.8563549243901312,0.014536528949994892,0.17593832036446191,0.008827149129775141,0.26636866640005286,0.01521711851127547
thiol_addition_morgan_imine_thiol_catalyst,KernelRidge,6144,0.7564983453073584,0.012964644270936692,0.2533797620704547,0.008365805658062825,0.34711996217263075,0.014034315941508974
