strategy_name,model_type,reaction_feature_dim,rxnfp_encoding,r2_mean,r2_std,mae_mean,mae_std,rmse_mean,rmse_std
thiol_addition_rxnfp_all_with_catalyst_product,Ridge,256,Imine.Thiol.Catalyst>>Product,0.7822952226867944,0.010163536448804425,0.2515730342783054,0.003920694191563846,0.3281091618450151,0.007973747001388769
thiol_addition_rxnfp_all_with_catalyst_product,SVR,256,Imine.Thiol.Catalyst>>Product,0.6571091381392838,0.023976793434004707,0.310618802389263,0.012494326211569285,0.4116822273306882,0.015419907532497246
thiol_addition_rxnfp_all_with_catalyst_product,KernelRidge,256,Imine.Thiol.Catalyst>>Product,0.45029469959536417,0.020987749190538016,0.3892387507517877,0.009280199441148055,0.5214772456931341,0.013252562208062727
thiol_addition_rxnfp_all_with_catalyst_product,ExtraTrees,256,Imine.Thiol.Catalyst>>Product,0.43473323644870776,0.020702425297261316,0.3932258118469473,0.009690378009821317,0.5288241021106236,0.013755599307087134
