strategy_name,model_type,repr_dim,reaction_feature_dim,r2_mean,r2_std,mae_mean,mae_std,rmse_mean,rmse_std
aryl_scope_3dinfomax_electrophile_nucleophile_ligand,ExtraTrees,256,768,0.7751473814998079,0.04652517029650823,8.225101409090918,0.5053259497823731,13.824471603061335,1.2024297845759355
aryl_scope_3dinfomax_electrophile_nucleophile_ligand,KernelRidge,256,768,0.6622820364067683,0.03264208612678925,12.719187451883396,0.38245753615177663,17.010754737866325,0.6576410647216511
aryl_scope_3dinfomax_electrophile_nucleophile_ligand,SVR,256,768,0.6182956836266316,0.03895186768010161,12.859418841588232,0.3234856253423245,18.07961111814104,0.6236526996409066
aryl_scope_3dinfomax_electrophile_nucleophile_ligand,Ridge,256,768,0.5612789107781213,0.037579444439526065,15.471983450617108,0.3898762459624784,19.393081982163284,0.5447715690047863
aryl_scope_3dinfomax_electrophile_nucleophile_ligand_pd_catalyst,ExtraTrees,256,1024,0.7748175489024475,0.03961803419509423,8.230868285714292,0.45322150277761514,13.852287838170597,1.035074808993041
aryl_scope_3dinfomax_electrophile_nucleophile_ligand_pd_catalyst,KernelRidge,256,1024,0.6472057618206154,0.030507925051936044,13.380309532716485,0.3639916508978371,17.39108067537135,0.5640558819880976
aryl_scope_3dinfomax_electrophile_nucleophile_ligand_pd_catalyst,SVR,256,1024,0.5895096438521403,0.026072269006184534,13.888842120872974,0.24969003843333348,18.768542380659945,0.34666139715386524
aryl_scope_3dinfomax_electrophile_nucleophile_ligand_pd_catalyst,Ridge,256,1024,0.5612814128971836,0.037546988707926825,15.471887458776498,0.3898586432382925,19.393075198317838,0.5446036525666336
