strategy_name,model_type,repr_dim,reaction_feature_dim,r2_mean,r2_std,mae_mean,mae_std,rmse_mean,rmse_std
thiol_addition_3dinfomax_imine_thiol_catalyst,ExtraTrees,256,768,0.8919786993272936,0.0074183261417045355,0.1522977212416337,0.006348038622176799,0.231049978990091,0.008200686738365723
thiol_addition_3dinfomax_imine_thiol_catalyst,Ridge,256,768,0.8514295155521833,0.009519009181871095,0.20120048668556287,0.006061418850931741,0.2709758910420581,0.008468015376087963
thiol_addition_3dinfomax_imine_thiol_catalyst,SVR,256,768,0.7560320842690664,0.024647315038013,0.2564545474091959,0.012841131884147117,0.34691865669449107,0.015005214491430522
thiol_addition_3dinfomax_imine_thiol_catalyst,KernelRidge,256,768,0.577577763821802,0.019940879962000297,0.34576971128671213,0.009891577841360195,0.4571241440561621,0.014302874747632895
